Workbook

Sheet GroundTruth
A1: ID | B1: Câu hỏi test | C1: Nguồn đúng mong đợi | D1: Vị trí căn cứ | E1: Đáp án chuẩn rút gọn | F1: Ý bắt buộc phải có | G1: Keyword bắt buộc | H1: Keyword cấm
A2: PCNTT001 | B2: Mục tiêu và vai trò của module "Tin tức – Thông báo" trên hệ thống support là gì? | C2: 2026.03.03.ChatbotAI_CBGV_SV_V4.docx | D2: Mục I -> 1 | E2: Module này là kho thông tin tập trung giúp giảng viên, cán bộ và sinh viên tiếp cận các thông tin chính thức từ nhà trường. Toàn bộ dữ liệu được đồng bộ từ website trường, các phòng ban và có cơ chế đề xuất thông tin theo vai trò người dùng. | F2: Module này là kho thông tin tập trung giúp giảng viên, cán bộ và sinh viên tiếp cận các thông tin chính thức từ nhà trường. Toàn bộ dữ liệu được đồng bộ từ website trường, các phòng ban và có cơ chế đề xuất thông tin the; Từ khóa trọng tâm: tin tức; thông báo; giới thiệu module; nguồn tin; đồng bộ thông tin | G2: tin tức, thông báo, giới thiệu module, nguồn tin, đồng bộ thông tin | H2: trả lời không có căn cứ khi đáp án chuẩn có thông tin; nguồn không liên quan
A3: PCNTT002 | B3: Làm thế nào để tôi truy cập vào mục "Tin tức – Thông báo"? | C3: 2026.03.03.ChatbotAI_CBGV_SV_V4.docx | D3: Mục I -> 2 | E3: Bạn truy cập hệ thống support tại địa chỉ https://support.uneti.edu.vn và đăng nhập tài khoản cá nhân. Sau đó, chọn mục "Tin tức – Thông báo" trên menu hoặc vào link trực tiếp: https://support.uneti.edu.vn/tin-tuc. | F3: Bạn truy cập hệ thống support tại địa chỉ https://support.uneti.edu.vn và đăng nhập tài khoản cá nhân. Sau đó, chọn mục "Tin tức – Thông báo" trên menu hoặc vào link trực tiếp: https://support.uneti.edu.vn/tin-tuc.; Từ khóa trọng tâm: cách truy cập; link thông báo; đăng nhập xem tin tức; đường dẫn | G3: cách truy cập, link thông báo, đăng nhập xem tin tức, đường dẫn | H3: trả lời không có căn cứ khi đáp án chuẩn có thông tin; nguồn không liên quan; trả lời quy chế chung nhưng không nêu thao tác hệ thống
A4: PCNTT003 | B4: Chức năng "Tiêu điểm" trong mục Tin tức hiển thị thông tin dựa trên cơ chế nào? | C4: 2026.03.03.ChatbotAI_CBGV_SV_V4.docx | D4: Mục I -> 3 -> 3.1 | E4: Hệ thống sử dụng thuật toán tự động lọc nội dung theo vai trò, thời gian đăng và mức độ ưu tiên. Giảng viên sẽ thấy các văn bản quản lý, kế hoạch ; còn sinh viên sẽ được ưu tiên thấy lịch thi, tín chỉ, học phí... | F4: Hệ thống sử dụng thuật toán tự động lọc nội dung theo vai trò, thời gian đăng và mức độ ưu tiên. Giảng viên sẽ thấy các văn bản quản lý, kế hoạch ; còn sinh viên sẽ được ưu tiên thấy lịch thi, tín chỉ, học phí...; Từ khóa trọng tâm: tiêu điểm; cá nhân hóa; hiển thị bài viết nổi bật; thuật toán lọc | G4: tiêu điểm, cá nhân hóa, hiển thị bài viết nổi bật, thuật toán lọc | H4: trả lời không có căn cứ khi đáp án chuẩn có thông tin; nguồn không liên quan
A5: PCNTT004 | B5: Danh mục "Thông báo" của trường bao gồm các loại văn bản nào? | C5: 2026.03.03.ChatbotAI_CBGV_SV_V4.docx | D5: Mục I -> 3 -> 3.2 -> a | E5: Danh mục này chứa các văn bản mang tính hành chính, chỉ đạo bao gồm: Lịch học/thi/công tác, quy định mới, hướng dẫn từ các phòng ban (Đào tạo, CTSV), công văn và quyết định. | F5: Danh mục này chứa các văn bản mang tính hành chính, chỉ đạo bao gồm: Lịch học/thi/công tác, quy định mới, hướng dẫn từ các phòng ban (Đào tạo, CTSV), công văn và quyết định.; Từ khóa trọng tâm: lịch học; lịch thi; công văn; quyết định; quy định mới; văn bản chỉ đạo | G5: lịch học, lịch thi, công văn, quyết định, quy định mới, văn bản chỉ đạo | H5: trả lời không có căn cứ khi đáp án chuẩn có thông tin; nguồn không liên quan
A6: PCNTT005 | B6: Mục "Sự kiện" trên trang thông báo hiển thị những nội dung gì? | C6: 2026.03.03.ChatbotAI_CBGV_SV_V4.docx | D6: Mục I -> 3 -> 3.2 -> b | E6: Mục này tổng hợp các chương trình có thời gian tổ chức cụ thể như: Hội thảo khoa học, sự kiện tuyển sinh, hoạt động đoàn - hội, ngoại khóa, talkshow... Mỗi sự kiện đều ghi rõ thời gian, địa điểm. | F6: Mục này tổng hợp các chương trình có thời gian tổ chức cụ thể như: Hội thảo khoa học, sự kiện tuyển sinh, hoạt động đoàn - hội, ngoại khóa, talkshow... Mỗi sự kiện đều ghi rõ thời gian, địa điểm.; Từ khóa trọng tâm: hội thảo; tuyển sinh; ngoại khóa; thời gian địa điểm sự kiện; talkshow | G6: hội thảo, tuyển sinh, ngoại khóa, thời gian địa điểm sự kiện, talkshow | H6: trả lời không có căn cứ khi đáp án chuẩn có thông tin; nguồn không liên quan
A7: PCNTT006 | B7: Tại sao tôi không thấy toàn bộ các bài viết cũ ở trang chủ Tin tức và làm sao để xem lại? | C7: 2026.03.03.ChatbotAI_CBGV_SV_V4.docx | D7: Mục I -> 3 -> 3.3 | E7: Để giữ giao diện gọn gàng, hệ thống chỉ hiển thị xem trước một số bài viết mới nhất. Bạn cần nhấn vào nút "Xem thêm" tại danh mục đó để chuyển sang trang danh sách hiển thị đầy đủ theo thứ tự thời gian. | F7: Để giữ giao diện gọn gàng, hệ thống chỉ hiển thị xem trước một số bài viết mới nhất. Bạn cần nhấn vào nút "Xem thêm" tại danh mục đó để chuyển sang trang danh sách hiển thị đầy đủ theo thứ tự thời gian.; Từ khóa trọng tâm: xem thêm; bài viết cũ; danh sách đầy đủ; hiển thị bài đăng | G7: xem thêm, bài viết cũ, danh sách đầy đủ, hiển thị bài đăng | H7: trả lời không có căn cứ khi đáp án chuẩn có thông tin; nguồn không liên quan; trả lời quy chế chung nhưng không nêu thao tác hệ thống
A8: PCNTT007 | B8: Làm thế nào để tìm kiếm bài viết cũ và quay trở lại danh sách mặc định khi cần? | C8: 2026.03.03.ChatbotAI_CBGV_SV_V4.docx | D8: Mục I -> 3 -> 3.4 | E8: Bạn nhập từ khóa liên quan đến tên bài đăng vào thanh tìm kiếm. Nếu muốn quay về danh sách đầy đủ ban đầu, bạn bấm vào biểu tượng "Bỏ lọc" để xóa từ khóa tìm kiếm. | F8: Bạn nhập từ khóa liên quan đến tên bài đăng vào thanh tìm kiếm. Nếu muốn quay về danh sách đầy đủ ban đầu, bạn bấm vào biểu tượng "Bỏ lọc" để xóa từ khóa tìm kiếm.; Từ khóa trọng tâm: thanh tìm kiếm; tìm bài viết; bỏ lọc; đặt lại kết quả; từ khóa | G8: thanh tìm kiếm, tìm bài viết, bỏ lọc, đặt lại kết quả, từ khóa | H8: trả lời không có căn cứ khi đáp án chuẩn có thông tin; nguồn không liên quan; trả lời quy chế chung nhưng không nêu thao tác hệ thống
A9: PCNTT008 | B9: Khi bấm xem chi tiết một bài đăng, tôi có thể tải văn bản đính kèm ở đâu? | C9: 2026.03.03.ChatbotAI_CBGV_SV_V4.docx | D9: Mục I -> 3 -> 3.5 | E9: Khi nhấp vào bài đăng, hệ thống sẽ điều hướng bạn đến trang thông tin chi tiết. Nếu bài viết có kèm tài liệu hoặc văn bản hướng dẫn, bạn có thể tải trực tiếp file về tại trang chi tiết này. | F9: Khi nhấp vào bài đăng, hệ thống sẽ điều hướng bạn đến trang thông tin chi tiết. Nếu bài viết có kèm tài liệu hoặc văn bản hướng dẫn, bạn có thể tải trực tiếp file về tại trang chi tiết này.; Từ khóa trọng tâm: tải file đính kèm; văn bản đính kèm; xem chi tiết; file tài liệu | G9: tải file đính kèm, văn bản đính kèm, xem chi tiết, file tài liệu | H9: trả lời không có căn cứ khi đáp án chuẩn có thông tin; nguồn không liên quan; trả lời quy chế chung nhưng không nêu thao tác hệ thống
A10: PCNTT009 | B10: Cán bộ/Sinh viên có tự đăng bài viết hoặc thông báo lên module này được không? | C10: 2026.03.03.ChatbotAI_CBGV_SV_V4.docx | D10: Mục I -> 4 | E10: Không. Việc đăng bài mới không thực hiện trong module này. Chỉ có các đơn vị truyền thông hoặc các phòng ban được nhà trường phân quyền mới có thể tạo nội dung gốc. | F10: Không. Việc đăng bài mới không thực hiện trong module này. Chỉ có các đơn vị truyền thông hoặc các phòng ban được nhà trường phân quyền mới có thể tạo nội dung gốc.; Từ khóa trọng tâm: đăng thông báo; tạo bài viết mới; quyền đăng bài; đơn vị truyền thông | G10: đăng thông báo, tạo bài viết mới, quyền đăng bài, đơn vị truyền thông | H10: trả lời không có căn cứ khi đáp án chuẩn có thông tin; nguồn không liên quan
A11: PCNTT010 | B11: Module "Hướng dẫn sử dụng phần mềm" cung cấp những tài nguyên gì cho người dùng? | C11: 2026.03.03.ChatbotAI_CBGV_SV_V4.docx | D11: Mục II -> 1 | E11: Module cung cấp đầy đủ các bộ cài đặt phần mềm nghiệp vụ, tài liệu hướng dẫn chi tiết (dạng PDF/DOC) và các video thuyết minh thao tác mô phỏng quy trình làm việc. | F11: Module cung cấp đầy đủ các bộ cài đặt phần mềm nghiệp vụ, tài liệu hướng dẫn chi tiết (dạng PDF/DOC) và các video thuyết minh thao tác mô phỏng quy trình làm việc.; Từ khóa trọng tâm: tài nguyên kỹ thuật; bộ cài đặt; tài liệu pdf; video thao tác | G11: tài nguyên kỹ thuật, bộ cài đặt, tài liệu pdf, video thao tác | H11: trả lời không có căn cứ khi đáp án chuẩn có thông tin; nguồn không liên quan
A12: PCNTT011 | B12: Giảng viên và cán bộ có thể tải bộ cài đặt các phân hệ nghiệp vụ nào trên hệ thống? | C12: 2026.03.03.ChatbotAI_CBGV_SV_V4.docx | D12: Mục II -> 3 | E12: Cán bộ, giảng viên có thể tải các bộ cài đặt gồm: Phân hệ Quản lý đào tạo (EDU) và công cụ soạn câu hỏi trắc nghiệm Offline, phân hệ Quản lý nhân sự (HRM) và phần mềm Uneti Online. | F12: Cán bộ, giảng viên có thể tải các bộ cài đặt gồm: Phân hệ Quản lý đào tạo (EDU) và công cụ soạn câu hỏi trắc nghiệm Offline, phân hệ Quản lý nhân sự (HRM) và phần mềm Uneti Online.; Từ khóa trọng tâm: cài đặt EDU; trắc nghiệm offline; bộ cài HRM; phần mềm uneti online | G12: cài đặt EDU, trắc nghiệm offline, bộ cài HRM, phần mềm uneti online | H12: trả lời không có căn cứ khi đáp án chuẩn có thông tin; nguồn không liên quan
... A81: PCNTT080 | B81: Cán bộ quản lý có thể xem thống kê một cửa của một Khoa cụ thể trong trường không? | C81: 2026.03.25.AI_HDSD TREN WEB SUPPORT CBGV.docx | D81: III -> 1 -> 1.3 -> a | E81: Có, bằng cách sử dụng bộ lọc, chọn tên Khoa cần xem (Ví dụ: Khoa Công nghệ thông tin) rồi bấm "Tìm kiếm", toàn bộ bảng số liệu và biểu đồ hài lòng sẽ chỉ hiển thị riêng cho Khoa đó. | F81: Có, bằng cách sử dụng bộ lọc, chọn tên Khoa cần xem (Ví dụ: Khoa Công nghệ thông tin) rồi bấm "Tìm kiếm", toàn bộ bảng số liệu và biểu đồ hài lòng sẽ chỉ hiển thị riêng cho Khoa đó.; Từ khóa trọng tâm: thống kê theo khoa; xem số liệu khoa; lọc dữ liệu khoa | G81: thống kê theo khoa, xem số liệu khoa, lọc dữ liệu khoa | H81: trả lời không có căn cứ khi đáp án chuẩn có thông tin; nguồn không liên quan; sinh viên nếu câu hỏi chỉ dành cho CBGV; nguồn SV sai đối tượng; trả lời quy chế chung nhưng không nêu thao tác hệ thống

Sheet ChamDiem_2_Bot
A1: ID | B1: Câu hỏi test | C1: Nguồn đúng mong đợi | D1: Vị trí căn cứ | E1: Đáp án chuẩn rút gọn | F1: Ý bắt buộc phải có | G1: Keyword bắt buộc | H1: Keyword cấm | I1: Bot 1 - Câu trả lời | J1: Bot 1 - Nguồn | K1: Bot 1 đúng nguồn (0-3) | L1: Bot 1 đúng trọng tâm (0-3) | M1: Bot 1 đủ ý (0-2) | N1: Bot 1 dễ hiểu (0-1) | O1: Bot 1 không bịa (0-1) | P1: Bot 1 tổng điểm | Q1: Bot 1 nhận xét lỗi | R1: Bot 2 - Câu trả lời | S1: Bot 2 - Nguồn | T1: Bot 2 đúng nguồn (0-3) | U1: Bot 2 đúng trọng tâm (0-3) | V1: Bot 2 đủ ý (0-2) | W1: Bot 2 dễ hiểu (0-1) | X1: Bot 2 không bịa (0-1) | Y1: Bot 2 tổng điểm | Z1: Bot 2 nhận xét lỗi | AA1: Bot tốt hơn | AB1: Chênh lệch | AC1: Ghi chú tester
A2: PCNTT001 | B2: Mục tiêu và vai trò của module "Tin tức – Thông báo" trên hệ thống support là gì? | C2: 2026.03.03.ChatbotAI_CBGV_SV_V4.docx | D2: Mục I -> 1 | E2: Module này là kho thông tin tập trung giúp giảng viên, cán bộ và sinh viên tiếp cận các thông tin chính thức từ nhà trường. Toàn bộ dữ liệu được đồng bộ từ website trường, các phòng ban và có cơ chế đề xuất thông tin theo vai trò người dùng. | F2: Module này là kho thông tin tập trung giúp giảng viên, cán bộ và sinh viên tiếp cận các thông tin chính thức từ nhà trường. Toàn bộ dữ liệu được đồng bộ từ website trường, các phòng ban và có cơ chế đề xuất thông tin the; Từ khóa trọng tâm: tin tức; thông báo; giới thiệu module; nguồn tin; đồng bộ thông tin | G2: tin tức, thông báo, giới thiệu module, nguồn tin, đồng bộ thông tin | H2: trả lời không có căn cứ khi đáp án chuẩn có thông tin; nguồn không liên quan | P2: =SUM(K2:O2) | Y2: =SUM(T2:X2) | AA2: =IF(P2>Y2,"Bot 1",IF(Y2>P2,"Bot 2","Hòa")) | AB2: =ABS(P2-Y2)
A3: PCNTT002 | B3: Làm thế nào để tôi truy cập vào mục "Tin tức – Thông báo"? | C3: 2026.03.03.ChatbotAI_CBGV_SV_V4.docx | D3: Mục I -> 2 | E3: Bạn truy cập hệ thống support tại địa chỉ https://support.uneti.edu.vn và đăng nhập tài khoản cá nhân. Sau đó, chọn mục "Tin tức – Thông báo" trên menu hoặc vào link trực tiếp: https://support.uneti.edu.vn/tin-tuc. | F3: Bạn truy cập hệ thống support tại địa chỉ https://support.uneti.edu.vn và đăng nhập tài khoản cá nhân. Sau đó, chọn mục "Tin tức – Thông báo" trên menu hoặc vào link trực tiếp: https://support.uneti.edu.vn/tin-tuc.; Từ khóa trọng tâm: cách truy cập; link thông báo; đăng nhập xem tin tức; đường dẫn | G3: cách truy cập, link thông báo, đăng nhập xem tin tức, đường dẫn | H3: trả lời không có căn cứ khi đáp án chuẩn có thông tin; nguồn không liên quan; trả lời quy chế chung nhưng không nêu thao tác hệ thống | P3: =SUM(K3:O3) | Y3: =SUM(T3:X3) | AA3: =IF(P3>Y3,"Bot 1",IF(Y3>P3,"Bot 2","Hòa")) | AB3: =ABS(P3-Y3)
A4: PCNTT003 | B4: Chức năng "Tiêu điểm" trong mục Tin tức hiển thị thông tin dựa trên cơ chế nào? | C4: 2026.03.03.ChatbotAI_CBGV_SV_V4.docx | D4: Mục I -> 3 -> 3.1 | E4: Hệ thống sử dụng thuật toán tự động lọc nội dung theo vai trò, thời gian đăng và mức độ ưu tiên. Giảng viên sẽ thấy các văn bản quản lý, kế hoạch ; còn sinh viên sẽ được ưu tiên thấy lịch thi, tín chỉ, học phí... | F4: Hệ thống sử dụng thuật toán tự động lọc nội dung theo vai trò, thời gian đăng và mức độ ưu tiên. Giảng viên sẽ thấy các văn bản quản lý, kế hoạch ; còn sinh viên sẽ được ưu tiên thấy lịch thi, tín chỉ, học phí...; Từ khóa trọng tâm: tiêu điểm; cá nhân hóa; hiển thị bài viết nổi bật; thuật toán lọc | G4: tiêu điểm, cá nhân hóa, hiển thị bài viết nổi bật, thuật toán lọc | H4: trả lời không có căn cứ khi đáp án chuẩn có thông tin; nguồn không liên quan | P4: =SUM(K4:O4) | Y4: =SUM(T4:X4) | AA4: =IF(P4>Y4,"Bot 1",IF(Y4>P4,"Bot 2","Hòa")) | AB4: =ABS(P4-Y4)
A5: PCNTT004 | B5: Danh mục "Thông báo" của trường bao gồm các loại văn bản nào? | C5: 2026.03.03.ChatbotAI_CBGV_SV_V4.docx | D5: Mục I -> 3 -> 3.2 -> a | E5: Danh mục này chứa các văn bản mang tính hành chính, chỉ đạo bao gồm: Lịch học/thi/công tác, quy định mới, hướng dẫn từ các phòng ban (Đào tạo, CTSV), công văn và quyết định. | F5: Danh mục này chứa các văn bản mang tính hành chính, chỉ đạo bao gồm: Lịch học/thi/công tác, quy định mới, hướng dẫn từ các phòng ban (Đào tạo, CTSV), công văn và quyết định.; Từ khóa trọng tâm: lịch học; lịch thi; công văn; quyết định; quy định mới; văn bản chỉ đạo | G5: lịch học, lịch thi, công văn, quyết định, quy định mới, văn bản chỉ đạo | H5: trả lời không có căn cứ khi đáp án chuẩn có thông tin; nguồn không liên quan | P5: =SUM(K5:O5) | Y5: =SUM(T5:X5) | AA5: =IF(P5>Y5,"Bot 1",IF(Y5>P5,"Bot 2","Hòa")) | AB5: =ABS(P5-Y5)
A6: PCNTT005 | B6: Mục "Sự kiện" trên trang thông báo hiển thị những nội dung gì? | C6: 2026.03.03.ChatbotAI_CBGV_SV_V4.docx | D6: Mục I -> 3 -> 3.2 -> b | E6: Mục này tổng hợp các chương trình có thời gian tổ chức cụ thể như: Hội thảo khoa học, sự kiện tuyển sinh, hoạt động đoàn - hội, ngoại khóa, talkshow... Mỗi sự kiện đều ghi rõ thời gian, địa điểm. | F6: Mục này tổng hợp các chương trình có thời gian tổ chức cụ thể như: Hội thảo khoa học, sự kiện tuyển sinh, hoạt động đoàn - hội, ngoại khóa, talkshow... Mỗi sự kiện đều ghi rõ thời gian, địa điểm.; Từ khóa trọng tâm: hội thảo; tuyển sinh; ngoại khóa; thời gian địa điểm sự kiện; talkshow | G6: hội thảo, tuyển sinh, ngoại khóa, thời gian địa điểm sự kiện, talkshow | H6: trả lời không có căn cứ khi đáp án chuẩn có thông tin; nguồn không liên quan | P6: =SUM(K6:O6) | Y6: =SUM(T6:X6) | AA6: =IF(P6>Y6,"Bot 1",IF(Y6>P6,"Bot 2","Hòa")) | AB6: =ABS(P6-Y6)
A7: PCNTT006 | B7: Tại sao tôi không thấy toàn bộ các bài viết cũ ở trang chủ Tin tức và làm sao để xem lại? | C7: 2026.03.03.ChatbotAI_CBGV_SV_V4.docx | D7: Mục I -> 3 -> 3.3 | E7: Để giữ giao diện gọn gàng, hệ thống chỉ hiển thị xem trước một số bài viết mới nhất. Bạn cần nhấn vào nút "Xem thêm" tại danh mục đó để chuyển sang trang danh sách hiển thị đầy đủ theo thứ tự thời gian. | F7: Để giữ giao diện gọn gàng, hệ thống chỉ hiển thị xem trước một số bài viết mới nhất. Bạn cần nhấn vào nút "Xem thêm" tại danh mục đó để chuyển sang trang danh sách hiển thị đầy đủ theo thứ tự thời gian.; Từ khóa trọng tâm: xem thêm; bài viết cũ; danh sách đầy đủ; hiển thị bài đăng | G7: xem thêm, bài viết cũ, danh sách đầy đủ, hiển thị bài đăng | H7: trả lời không có căn cứ khi đáp án chuẩn có thông tin; nguồn không liên quan; trả lời quy chế chung nhưng không nêu thao tác hệ thống | P7: =SUM(K7:O7) | Y7: =SUM(T7:X7) | AA7: =IF(P7>Y7,"Bot 1",IF(Y7>P7,"Bot 2","Hòa")) | AB7: =ABS(P7-Y7)
A8: PCNTT007 | B8: Làm thế nào để tìm kiếm bài viết cũ và quay trở lại danh sách mặc định khi cần? | C8: 2026.03.03.ChatbotAI_CBGV_SV_V4.docx | D8: Mục I -> 3 -> 3.4 | E8: Bạn nhập từ khóa liên quan đến tên bài đăng vào thanh tìm kiếm. Nếu muốn quay về danh sách đầy đủ ban đầu, bạn bấm vào biểu tượng "Bỏ lọc" để xóa từ khóa tìm kiếm. | F8: Bạn nhập từ khóa liên quan đến tên bài đăng vào thanh tìm kiếm. Nếu muốn quay về danh sách đầy đủ ban đầu, bạn bấm vào biểu tượng "Bỏ lọc" để xóa từ khóa tìm kiếm.; Từ khóa trọng tâm: thanh tìm kiếm; tìm bài viết; bỏ lọc; đặt lại kết quả; từ khóa | G8: thanh tìm kiếm, tìm bài viết, bỏ lọc, đặt lại kết quả, từ khóa | H8: trả lời không có căn cứ khi đáp án chuẩn có thông tin; nguồn không liên quan; trả lời quy chế chung nhưng không nêu thao tác hệ thống | P8: =SUM(K8:O8) | Y8: =SUM(T8:X8) | AA8: =IF(P8>Y8,"Bot 1",IF(Y8>P8,"Bot 2","Hòa")) | AB8: =ABS(P8-Y8)
A9: PCNTT008 | B9: Khi bấm xem chi tiết một bài đăng, tôi có thể tải văn bản đính kèm ở đâu? | C9: 2026.03.03.ChatbotAI_CBGV_SV_V4.docx | D9: Mục I -> 3 -> 3.5 | E9: Khi nhấp vào bài đăng, hệ thống sẽ điều hướng bạn đến trang thông tin chi tiết. Nếu bài viết có kèm tài liệu hoặc văn bản hướng dẫn, bạn có thể tải trực tiếp file về tại trang chi tiết này. | F9: Khi nhấp vào bài đăng, hệ thống sẽ điều hướng bạn đến trang thông tin chi tiết. Nếu bài viết có kèm tài liệu hoặc văn bản hướng dẫn, bạn có thể tải trực tiếp file về tại trang chi tiết này.; Từ khóa trọng tâm: tải file đính kèm; văn bản đính kèm; xem chi tiết; file tài liệu | G9: tải file đính kèm, văn bản đính kèm, xem chi tiết, file tài liệu | H9: trả lời không có căn cứ khi đáp án chuẩn có thông tin; nguồn không liên quan; trả lời quy chế chung nhưng không nêu thao tác hệ thống | P9: =SUM(K9:O9) | Y9: =SUM(T9:X9) | AA9: =IF(P9>Y9,"Bot 1",IF(Y9>P9,"Bot 2","Hòa")) | AB9: =ABS(P9-Y9)
A10: PCNTT009 | B10: Cán bộ/Sinh viên có tự đăng bài viết hoặc thông báo lên module này được không? | C10: 2026.03.03.ChatbotAI_CBGV_SV_V4.docx | D10: Mục I -> 4 | E10: Không. Việc đăng bài mới không thực hiện trong module này. Chỉ có các đơn vị truyền thông hoặc các phòng ban được nhà trường phân quyền mới có thể tạo nội dung gốc. | F10: Không. Việc đăng bài mới không thực hiện trong module này. Chỉ có các đơn vị truyền thông hoặc các phòng ban được nhà trường phân quyền mới có thể tạo nội dung gốc.; Từ khóa trọng tâm: đăng thông báo; tạo bài viết mới; quyền đăng bài; đơn vị truyền thông | G10: đăng thông báo, tạo bài viết mới, quyền đăng bài, đơn vị truyền thông | H10: trả lời không có căn cứ khi đáp án chuẩn có thông tin; nguồn không liên quan | P10: =SUM(K10:O10) | Y10: =SUM(T10:X10) | AA10: =IF(P10>Y10,"Bot 1",IF(Y10>P10,"Bot 2","Hòa")) | AB10: =ABS(P10-Y10)
A11: PCNTT010 | B11: Module "Hướng dẫn sử dụng phần mềm" cung cấp những tài nguyên gì cho người dùng? | C11: 2026.03.03.ChatbotAI_CBGV_SV_V4.docx | D11: Mục II -> 1 | E11: Module cung cấp đầy đủ các bộ cài đặt phần mềm nghiệp vụ, tài liệu hướng dẫn chi tiết (dạng PDF/DOC) và các video thuyết minh thao tác mô phỏng quy trình làm việc. | F11: Module cung cấp đầy đủ các bộ cài đặt phần mềm nghiệp vụ, tài liệu hướng dẫn chi tiết (dạng PDF/DOC) và các video thuyết minh thao tác mô phỏng quy trình làm việc.; Từ khóa trọng tâm: tài nguyên kỹ thuật; bộ cài đặt; tài liệu pdf; video thao tác | G11: tài nguyên kỹ thuật, bộ cài đặt, tài liệu pdf, video thao tác | H11: trả lời không có căn cứ khi đáp án chuẩn có thông tin; nguồn không liên quan | P11: =SUM(K11:O11) | Y11: =SUM(T11:X11) | AA11: =IF(P11>Y11,"Bot 1",IF(Y11>P11,"Bot 2","Hòa")) | AB11: =ABS(P11-Y11)
A12: PCNTT011 | B12: Giảng viên và cán bộ có thể tải bộ cài đặt các phân hệ nghiệp vụ nào trên hệ thống? | C12: 2026.03.03.ChatbotAI_CBGV_SV_V4.docx | D12: Mục II -> 3 | E12: Cán bộ, giảng viên có thể tải các bộ cài đặt gồm: Phân hệ Quản lý đào tạo (EDU) và công cụ soạn câu hỏi trắc nghiệm Offline, phân hệ Quản lý nhân sự (HRM) và phần mềm Uneti Online. | F12: Cán bộ, giảng viên có thể tải các bộ cài đặt gồm: Phân hệ Quản lý đào tạo (EDU) và công cụ soạn câu hỏi trắc nghiệm Offline, phân hệ Quản lý nhân sự (HRM) và phần mềm Uneti Online.; Từ khóa trọng tâm: cài đặt EDU; trắc nghiệm offline; bộ cài HRM; phần mềm uneti online | G12: cài đặt EDU, trắc nghiệm offline, bộ cài HRM, phần mềm uneti online | H12: trả lời không có căn cứ khi đáp án chuẩn có thông tin; nguồn không liên quan | P12: =SUM(K12:O12) | Y12: =SUM(T12:X12) | AA12: =IF(P12>Y12,"Bot 1",IF(Y12>P12,"Bot 2","Hòa")) | AB12: =ABS(P12-Y12)
A13: PCNTT012 | B13: Tôi có thể tìm thấy những tài liệu hướng dẫn nào liên quan đến thiết bị giảng đường? | C13: 2026.03.03.ChatbotAI_CBGV_SV_V4.docx | D13: Mục II -> 4 -> 4.1 | E13: Nhóm này gồm tài liệu hướng dẫn sử dụng ổ cắm âm bàn ; kết nối Tivi - Laptop ; phần mềm chuyển đổi USB sang HDMI (cho Windows/macOS) và hướng dẫn kết nối Tivi với Box trình chiếu. | F13: Nhóm này gồm tài liệu hướng dẫn sử dụng ổ cắm âm bàn ; kết nối Tivi - Laptop ; phần mềm chuyển đổi USB sang HDMI (cho Windows/macOS) và hướng dẫn kết nối Tivi với Box trình chiếu.; Từ khóa trọng tâm: thiết bị phòng học; ổ cắm âm bàn; kết nối laptop với tivi; usb sang hdmi | G13: thiết bị phòng học, ổ cắm âm bàn, kết nối laptop với tivi, usb sang hdmi | H13: trả lời không có căn cứ khi đáp án chuẩn có thông tin; nguồn không liên quan | P13: =SUM(K13:O13) | Y13: =SUM(T13:X13) | AA13: =IF(P13>Y13,"Bot 1",IF(Y13>P13,"Bot 2","Hòa")) | AB13: =ABS(P13-Y13)
... A81: PCNTT080 | B81: Cán bộ quản lý có thể xem thống kê một cửa của một Khoa cụ thể trong trường không? | C81: 2026.03.25.AI_HDSD TREN WEB SUPPORT CBGV.docx | D81: III -> 1 -> 1.3 -> a | E81: Có, bằng cách sử dụng bộ lọc, chọn tên Khoa cần xem (Ví dụ: Khoa Công nghệ thông tin) rồi bấm "Tìm kiếm", toàn bộ bảng số liệu và biểu đồ hài lòng sẽ chỉ hiển thị riêng cho Khoa đó. | F81: Có, bằng cách sử dụng bộ lọc, chọn tên Khoa cần xem (Ví dụ: Khoa Công nghệ thông tin) rồi bấm "Tìm kiếm", toàn bộ bảng số liệu và biểu đồ hài lòng sẽ chỉ hiển thị riêng cho Khoa đó.; Từ khóa trọng tâm: thống kê theo khoa; xem số liệu khoa; lọc dữ liệu khoa | G81: thống kê theo khoa, xem số liệu khoa, lọc dữ liệu khoa | H81: trả lời không có căn cứ khi đáp án chuẩn có thông tin; nguồn không liên quan; sinh viên nếu câu hỏi chỉ dành cho CBGV; nguồn SV sai đối tượng; trả lời quy chế chung nhưng không nêu thao tác hệ thống | P81: =SUM(K81:O81) | Y81: =SUM(T81:X81) | AA81: =IF(P81>Y81,"Bot 1",IF(Y81>P81,"Bot 2","Hòa")) | AB81: =ABS(P81-Y81)

Sheet TongHop
A1: Chỉ số | B1: Bot 1 | C1: Bot 2 | D1: Ghi chú
A2: Tổng điểm /800 | B2: =SUM(ChamDiem_2_Bot!P2:P81) | C2: =SUM(ChamDiem_2_Bot!Y2:Y81) | D2: Tổng điểm 80 câu
A3: Điểm trung bình /10 | B3: =AVERAGE(ChamDiem_2_Bot!P2:P81) | C3: =AVERAGE(ChamDiem_2_Bot!Y2:Y81) | D3: Trung bình điểm
A4: Số câu >= 8 điểm | B4: =COUNTIF(ChamDiem_2_Bot!P2:P81,">=8") | C4: =COUNTIF(ChamDiem_2_Bot!Y2:Y81,">=8") | D4: Câu trả lời tốt
A5: Số câu 5-7.9 điểm | B5: =COUNTIFS(ChamDiem_2_Bot!P2:P81,">=5",ChamDiem_2_Bot!P2:P81,"<8") | C5: =COUNTIFS(ChamDiem_2_Bot!Y2:Y81,">=5",ChamDiem_2_Bot!Y2:Y81,"<8") | D5: Câu trung bình
A6: Số câu <= 4 điểm | B6: =COUNTIF(ChamDiem_2_Bot!P2:P81,"<=4") | C6: =COUNTIF(ChamDiem_2_Bot!Y2:Y81,"<=4") | D6: Lỗi nặng
A7: Số câu thắng | B7: =COUNTIF(ChamDiem_2_Bot!AA2:AA81,"Bot 1") | C7: =COUNTIF(ChamDiem_2_Bot!AA2:AA81,"Bot 2") | D7: So từng câu
A8: Số câu hòa | B8: =COUNTIF(ChamDiem_2_Bot!AA2:AA81,"Hòa") | D8: Hai bot cùng điểm
A9: Chênh lệch tổng | B9: =B2-C2 | C9: =C2-B2 | D9: Dương nghĩa là bot ở cột đó cao hơn
A10: Bot điểm cao hơn | B10: =IF(B2>C2,"Bot 1",IF(C2>B2,"Bot 2","Hòa")) | D10: Kết luận theo tổng điểm

Sheet HuongDan_Rubric
A1: Hướng dẫn chấm điểm
A2: 1. Dán câu trả lời và nguồn của Bot 1/Bot 2 vào sheet ChamDiem_2_Bot.
A3: 2. Nhập điểm từng tiêu chí: đúng nguồn 0-3, đúng trọng tâm 0-3, đủ ý 0-2, dễ hiểu 0-1, không bịa 0-1.
A4: 3. Cột tổng điểm tự cộng. Sheet TongHop tự tổng hợp điểm hai bot.
A6: Rubric | B6: Điểm tối đa
A7: Đúng nguồn tài liệu, đúng Điều/Mục | B7: 3
A8: Đúng trọng tâm câu hỏi | B8: 3
A9: Đủ ý bắt buộc | B9: 2
A10: Dễ hiểu, trình bày tốt | B10: 1
A11: Không bịa, không thêm thông tin sai | B11: 1
A13: Gợi ý chấm đúng nguồn | B13: 3 điểm nếu đúng file và đúng vị trí; 2 điểm nếu đúng file nhưng thiếu vị trí; 1 điểm nếu cùng nhóm nguồn nhưng chưa đúng file; 0 điểm nếu sai nguồn.
A14: Gợi ý chấm đúng trọng tâm | B14: 3 điểm nếu trả lời trực tiếp câu hỏi; 2 điểm nếu đúng nhưng lan man; 1 điểm nếu chỉ liên quan một phần; 0 điểm nếu lạc đề.
A15: Gợi ý chấm đủ ý | B15: Dựa vào cột Ý bắt buộc phải có và Đáp án chuẩn rút gọn.
A16: Keyword cấm | B16: Nếu câu trả lời chứa keyword cấm hoặc dùng sai đối tượng, cần trừ điểm đúng nguồn/không bịa tùy mức độ.
A17: Lưu ý | B17: Bộ này sinh từ PCNTT_MAPPING_FILE.docx, gồm đúng 80 câu hỏi gốc, không thêm biến thể.
